/*DRYFLOW - INSERÇÃO DE DADOS*/

USE dryflow;

-- Inserir Endereços para Empresas 
insert into endereco (rua, numero, cidade, bairro, estado, cep) values
('Av. Central', 100, 'São Paulo', 'Almirantes','São Paulo', '01851672'), 
('Av. Paulista', 200, 'São Paulo', 'Bellos','São Paulo','04502012'),
('Rua das Flores', 300, 'Rio de Janeiro','Condados','Rio de Janeiro','24567891'),
('Rua das Pedras', 400, 'Belo Horizonte', 'Damascos','Minas Gerais','38961347'),
-- Endereço de oficinas
('Av. Tropical', 101, 'São Paulo','Esmeralda','São Paulo', '78965847'),
('Rua do Sol', 202, 'São Paulo','Figos','São Paulo', '96325874'),
('Rua das Flores', 303, 'Rio de Janeiro','Goiabeiras','Rio de Janeiro', '78364512'),
-- Empresa 'Deluxe Cars' tem a oficina e a sede no mesmo endereço
('Rua das Pedras', 400, 'Belo Horizonte','Damascos','Minas Gerais', '38961347'),
-- Empresa 'Amor Por Carros' tem uma oficina a mais
('Rua dos Diamantes', 505, 'Belo Horizonte','Iracema','Minas Gerais', '12687594');

-- Inserir Empresas
insert into empresa (cnpj, nomeFantasia, email, fkEndEmpresa) values
('12345678000195', 'Amor Por Carros', 'contato@amorporcarros.com', 1),
('98765432000198', 'Belos Automóveis', 'contato@belosautomoveis.com', 2),
('11122233000181', 'Charmoso Chassis', 'contato@charmosochassis.com',3),
('22233344000102', 'Deluxe Cars', 'contato@deluxecars.com',4);

-- Inserir Oficinas (Empresa 'Amor Por Carros' tem uma oficina a mais)
insert into oficina (nomeOficina, fkEmpresa, codigo_ativacao, fkEndOficina) values
('Oficina Amor Por Carros', 1, 'AAAAA',5), 
('Oficina Belos Automóveis', 2, 'BBBBB',6), 
('Oficina Charmoso Chassis', 3, 'CCCCC',7),
('Oficina Deluxe Cars', 4, 'DDDDD',8),
('Oficina Amor Por Veículos', 1, 'EEEEE',9);

-- Inserir Funcionários
insert into funcionario (nome, email, senha, cargo, fkOficina) values
('Fernando Brandao', 'brandao@amorporcarros.com', '123456', 'supervisor', 1),
('Hector Silva', 'hector@amorporcarros.com', '123456', 'gerente', 1),
('João Silva', 'joao@amorporcarros.com', '123456', 'tecnico', 1),
('James Sid', 'james@amorporcarros.com', '123456', 'analista', 1),
('Júlio Gaita', 'julio@amorporcarros.com', '123456', 'assistente', 1),
('Maria Oliveira', 'maria@belosautomoveis.com', '123456', 'supervisor', 2),
('Joana Clara', 'joana@belosautomoveis.com', '123456', 'gerente', 2),
('Amanda Lagoa', 'amanda@belosautomoveis.com', '123456', 'analista', 2),
('Carlos Souza', 'carlos@charmosochassis.com', '123456', 'supervisor', 3),
('Daniel Massa', 'daniel@charmosochassis.com', '123456', 'assistente', 3),
('Ana Costa', 'ana@deluxecars.com', '123456', 'supervisor', 4),
('Bela Rodrigues', 'bela@deluxecars.com', '123456', 'gerente', 4),
('Cláudio Ohara', 'claudio@deluxecars.com', '123456', 'tecnico', 4),
('Roberta Marinho', 'roberta@amorporcarros.com', '123456', 'supervisor', 5),
('Hector Marques', 'hector@amorporcarros.com', '123456', 'tecnico', 5);



-- Inserir Telefones
insert into telefone (numero, fkTelEmpresa, fkTelOficina) values
('1123456789', 1, NULL), 
('1122334455', 2, NULL),
('2133445566', 3, NULL),
('3198877665', 4, NULL),
('1198887777', NULL, 1),
('2133222333', NULL, 2),
('3199988777', NULL, 3),
('2199999888', NULL, 4),
('2145679888', NULL, 5);

-- Inserir Compressores
insert into compressor (modelo, capacidadeUmiMax, status, fkOficina) values
('Schulz A', 60, 'ativo', 1),
('Schulz B', 75, 'ativo', 1),
('Schulz C', 50, 'ativo', 1),
('Motomil D', 80, 'ativo', 1),
('Motomil E', 87, 'ativo', 1),
('Motomil F', 60, 'ativo', 1),
('Motomil G', 75, 'ativo', 1),
('Chiaperini H', 58, 'ativo', 1),
('Chiaperini I', 62, 'ativo', 1),
('Chiaperini J', 78, 'ativo', 1),
('Schulz L', 60, 'ativo', 2),
('Schulz M', 75, 'ativo', 2),
('Chiaperini N', 50, 'ativo', 2),
('Chiaperini O', 58, 'ativo', 3),
('Chiaperini P', 62, 'ativo', 3),
('Motomil Q', 80, 'ativo', 4),
('Schulz R', 60, 'ativo', 5),
('Schulz S', 75, 'ativo', 5),
('Schulz T', 50, 'ativo', 5),
('Motomil U', 80, 'inativo', 5),
('Motomil V', 87, 'ativo', 5)
;

-- Inserir Sensores
insert into sensor (fkCompressor) values
(1),
(2),
(3),
(4),
(5),
(6),
(7),
(8),
(9),
(10),
(11),
(12),
(13),
(14),
(15),
(16),
(17),
(18),
(19),
(20),
(21);

-- Inserir Registros de Sensor
insert into registroSensor (umidadeRegistrada, dtHrRegistrada, fkSensor) values
(85, '2025-06-11 00:05:00', 2),
(85, '2025-06-11 00:10:00', 2),
(85, '2025-06-11 00:15:00', 2),
(85, '2025-06-11 00:20:00', 2),
(85, '2025-06-11 00:25:00', 2),
(85, '2025-06-11 00:30:00', 2),
(85, '2025-06-11 00:35:00', 2),
(85, '2025-06-11 00:40:00', 2),
(85, '2025-06-11 00:45:00', 2),
(85, '2025-06-11 00:50:00', 2),
(85, '2025-06-11 00:55:00', 2),
(85, '2025-06-11 01:10:00', 2),
(85, '2025-06-11 01:15:00', 2),
(85, '2025-06-11 01:20:00', 2),
(84, '2025-06-11 01:25:00', 2),
(84, '2025-06-11 01:30:00', 2),
(84, '2025-06-11 01:35:00', 2),
(83, '2025-06-11 01:40:00', 2),
(83, '2025-06-11 01:45:00', 2),
(83, '2025-06-11 01:50:00', 2),
(90, '2025-06-11 09:00:00', 2),
(33, '2025-06-11 08:05:00', 3),
(49, '2025-06-11 08:10:00', 3),
(60, '2025-06-11 08:15:00', 3),
(18, '2025-06-11 08:20:00', 3),
(96, '2025-06-11 08:25:00', 3),
(91, '2025-06-11 08:30:00', 3),
(17, '2025-06-11 08:35:00', 3),
(76, '2025-06-11 08:40:00', 3),
(52, '2025-06-11 08:45:00', 3),
(21, '2025-06-11 08:50:00', 3),
(78, '2025-06-11 08:55:00', 3),
(85, '2025-06-11 09:00:00', 3),
(19, '2025-06-11 08:05:00', 4),
(63, '2025-06-11 08:10:00', 4),
(44, '2025-06-11 08:15:00', 4),
(75, '2025-06-11 08:20:00', 4),
(77, '2025-06-11 08:25:00', 4),
(29, '2025-06-11 08:30:00', 4),
(51, '2025-06-11 08:35:00', 4),
(36, '2025-06-11 08:40:00', 4),
(43, '2025-06-11 08:45:00', 4),
(45, '2025-06-11 08:50:00', 4),
(72, '2025-06-11 08:55:00', 4),
(76, '2025-06-11 09:00:00', 4),
(72, '2025-06-11 08:05:00', 5),
(85, '2025-06-11 08:10:00', 5),
(34, '2025-06-11 08:15:00', 5),
(38, '2025-06-11 08:20:00', 5),
(28, '2025-06-11 08:25:00', 5),
(93, '2025-06-11 08:30:00', 5),
(52, '2025-06-11 08:35:00', 5),
(41, '2025-06-11 08:40:00', 5),
(57, '2025-06-11 08:45:00', 5),
(57, '2025-06-11 08:50:00', 5),
(26, '2025-06-11 08:55:00', 5),
(20, '2025-06-11 09:00:00', 5),
(80, '2025-06-11 08:05:00', 6),
(49, '2025-06-11 08:10:00', 6),
(97, '2025-06-11 08:15:00', 6),
(67, '2025-06-11 08:20:00', 6),
(2, '2025-06-11 08:25:00', 6),
(75, '2025-06-11 08:30:00', 6),
(71, '2025-06-11 08:35:00', 6),
(100, '2025-06-11 08:40:00', 6),
(58, '2025-06-11 08:45:00', 6),
(16, '2025-06-11 08:50:00', 6),
(61, '2025-06-11 08:55:00', 6),
(82, '2025-06-11 09:00:00', 6),
(2, '2025-06-11 08:05:00', 7),
(80, '2025-06-11 08:10:00', 7),
(72, '2025-06-11 08:15:00', 7),
(41, '2025-06-11 08:20:00', 7),
(64, '2025-06-11 08:25:00', 7),
(80, '2025-06-11 08:30:00', 7),
(82, '2025-06-11 08:35:00', 7),
(48, '2025-06-11 08:40:00', 7),
(94, '2025-06-11 08:45:00', 7),
(34, '2025-06-11 08:50:00', 7),
(1, '2025-06-11 08:55:00', 7),
(98, '2025-06-11 09:00:00', 7),
(31, '2025-06-11 08:05:00', 8),
(27, '2025-06-11 08:10:00', 8),
(25, '2025-06-11 08:15:00', 8),
(17, '2025-06-11 08:20:00', 8),
(46, '2025-06-11 08:25:00', 8),
(77, '2025-06-11 08:30:00', 8),
(95, '2025-06-11 08:35:00', 8),
(11, '2025-06-11 08:40:00', 8),
(37, '2025-06-11 08:45:00', 8),
(13, '2025-06-11 08:50:00', 8),
(69, '2025-06-11 08:55:00', 8),
(47, '2025-06-11 09:00:00', 8),
(45, '2025-06-11 08:05:00', 9),
(61, '2025-06-11 08:10:00', 9),
(54, '2025-06-11 08:15:00', 9),
(1, '2025-06-11 08:20:00', 9),
(70, '2025-06-11 08:25:00', 9),
(9, '2025-06-11 08:30:00', 9),
(86, '2025-06-11 08:35:00', 9),
(48, '2025-06-11 08:40:00', 9),
(49, '2025-06-11 08:45:00', 9),
(69, '2025-06-11 08:50:00', 9),
(61, '2025-06-11 08:55:00', 9),
(25, '2025-06-11 09:00:00', 9),
(65, '2025-06-11 08:05:00', 10),
(1, '2025-06-11 08:10:00', 10),
(30, '2025-06-11 08:15:00', 10),
(71, '2025-06-11 08:20:00', 10),
(36, '2025-06-11 08:25:00', 10),
(100, '2025-06-11 08:30:00', 10),
(60, '2025-06-11 08:35:00', 10),
(65, '2025-06-11 08:40:00', 10),
(70, '2025-06-11 08:45:00', 10),
(16, '2025-06-11 08:50:00', 10),
(22, '2025-06-11 08:55:00', 10),
(33, '2025-06-11 09:00:00', 10),
(73, '2025-06-11 08:05:00', 11),
(32, '2025-06-11 08:10:00', 11),
(61, '2025-06-11 08:15:00', 11),
(66, '2025-06-11 08:20:00', 11),
(18, '2025-06-11 08:25:00', 11),
(35, '2025-06-11 08:30:00', 11),
(15, '2025-06-11 08:35:00', 11),
(33, '2025-06-11 08:40:00', 11),
(9, '2025-06-11 08:45:00', 11),
(65, '2025-06-11 08:50:00', 11),
(80, '2025-06-11 08:55:00', 11),
(2, '2025-06-11 09:00:00', 11),
(87, '2025-06-11 08:05:00', 12),
(100, '2025-06-11 08:10:00', 12),
(84, '2025-06-11 08:15:00', 12),
(21, '2025-06-11 08:20:00', 12),
(43, '2025-06-11 08:25:00', 12),
(1, '2025-06-11 08:30:00', 12),
(59, '2025-06-11 08:35:00', 12),
(87, '2025-06-11 08:40:00', 12),
(9, '2025-06-11 08:45:00', 12),
(81, '2025-06-11 08:50:00', 12),
(58, '2025-06-11 08:55:00', 12),
(5, '2025-06-11 09:00:00', 12),
(95, '2025-06-11 08:05:00', 13),
(100, '2025-06-11 08:10:00', 13),
(43, '2025-06-11 08:15:00', 13),
(31, '2025-06-11 08:20:00', 13),
(73, '2025-06-11 08:25:00', 13),
(16, '2025-06-11 08:30:00', 13),
(25, '2025-06-11 08:35:00', 13),
(94, '2025-06-11 08:40:00', 13),
(24, '2025-06-11 08:45:00', 13),
(97, '2025-06-11 08:50:00', 13),
(87, '2025-06-11 08:55:00', 13),
(80, '2025-06-11 09:00:00', 13),
(71, '2025-06-11 08:05:00', 14),
(12, '2025-06-11 08:10:00', 14),
(34, '2025-06-11 08:15:00', 14),
(2, '2025-06-11 08:20:00', 14),
(47, '2025-06-11 08:25:00', 14),
(45, '2025-06-11 08:30:00', 14),
(68, '2025-06-11 08:35:00', 14),
(5, '2025-06-11 08:40:00', 14),
(71, '2025-06-11 08:45:00', 14),
(94, '2025-06-11 08:50:00', 14),
(16, '2025-06-11 08:55:00', 14),
(60, '2025-06-11 09:00:00', 14),
(29, '2025-06-11 08:05:00', 15),
(71, '2025-06-11 08:10:00', 15),
(38, '2025-06-11 08:15:00', 15),
(96, '2025-06-11 08:20:00', 15),
(10, '2025-06-11 08:25:00', 15),
(50, '2025-06-11 08:30:00', 15),
(81, '2025-06-11 08:35:00', 15),
(42, '2025-06-11 08:40:00', 15),
(9, '2025-06-11 08:45:00', 15),
(94, '2025-06-11 08:50:00', 15),
(1, '2025-06-11 08:55:00', 15),
(51, '2025-06-11 09:00:00', 15),
(89, '2025-06-11 08:05:00', 16),
(7, '2025-06-11 08:10:00', 16),
(25, '2025-06-11 08:15:00', 16),
(7, '2025-06-11 08:20:00', 16),
(28, '2025-06-11 08:25:00', 16),
(47, '2025-06-11 08:30:00', 16),
(18, '2025-06-11 08:35:00', 16),
(67, '2025-06-11 08:40:00', 16),
(36, '2025-06-11 08:45:00', 16),
(7, '2025-06-11 08:50:00', 16),
(6, '2025-06-11 08:55:00', 16),
(46, '2025-06-11 09:00:00', 16),
(26, '2025-06-11 08:05:00', 17),
(83, '2025-06-11 08:10:00', 17),
(58, '2025-06-11 08:15:00', 17),
(30, '2025-06-11 08:20:00', 17),
(17, '2025-06-11 08:25:00', 17),
(42, '2025-06-11 08:30:00', 17),
(88, '2025-06-11 08:35:00', 17),
(12, '2025-06-11 08:40:00', 17),
(32, '2025-06-11 08:45:00', 17),
(40, '2025-06-11 08:50:00', 17),
(28, '2025-06-11 08:55:00', 17),
(10, '2025-06-11 09:00:00', 17),
(88, '2025-06-11 08:05:00', 18),
(26, '2025-06-11 08:10:00', 18),
(43, '2025-06-11 08:15:00', 18),
(5, '2025-06-11 08:20:00', 18),
(66, '2025-06-11 08:25:00', 18),
(67, '2025-06-11 08:30:00', 18),
(88, '2025-06-11 08:35:00', 18),
(35, '2025-06-11 08:40:00', 18),
(100, '2025-06-11 08:45:00', 18),
(41, '2025-06-11 08:50:00', 18),
(50, '2025-06-11 08:55:00', 18),
(72, '2025-06-11 09:00:00', 18),
(54, '2025-06-11 08:05:00', 19),
(39, '2025-06-11 08:10:00', 19),
(81, '2025-06-11 08:15:00', 19),
(62, '2025-06-11 08:20:00', 19),
(75, '2025-06-11 08:25:00', 19),
(18, '2025-06-11 08:30:00', 19),
(93, '2025-06-11 08:35:00', 19),
(87, '2025-06-11 08:40:00', 19),
(60, '2025-06-11 08:45:00', 19),
(55, '2025-06-11 08:50:00', 19),
(41, '2025-06-11 08:55:00', 19),
(49, '2025-06-11 09:00:00', 19),
(21, '2025-06-11 08:05:00', 20),
(40, '2025-06-11 08:10:00', 20),
(70, '2025-06-11 08:15:00', 20),
(55, '2025-06-11 08:20:00', 20),
(3, '2025-06-11 08:25:00', 20),
(78, '2025-06-11 08:30:00', 20),
(99, '2025-06-11 08:35:00', 20),
(54, '2025-06-11 08:40:00', 20),
(11, '2025-06-11 08:45:00', 20),
(45, '2025-06-11 08:50:00', 20),
(11, '2025-06-11 08:55:00', 20),
(7, '2025-06-11 09:00:00', 20),
(38, '2025-06-11 08:05:00', 21),
(11, '2025-06-11 08:10:00', 21),
(82, '2025-06-11 08:15:00', 21),
(14, '2025-06-11 08:20:00', 21),
(73, '2025-06-11 08:25:00', 21),
(4, '2025-06-11 08:30:00', 21),
(52, '2025-06-11 08:35:00', 21),
(42, '2025-06-11 08:40:00', 21),
(50, '2025-06-11 08:45:00', 21),
(72, '2025-06-11 08:50:00', 21),
(20, '2025-06-11 08:55:00', 21),
(79, '2025-06-11 09:00:00', 21);

-- Teste das tabelas
SELECT * FROM oficina;
SELECT * FROM empresa;
SELECT * FROM endereco;
SELECT * FROM funcionario;
SELECT * FROM telefone;
SELECT * FROM compressor;
SELECT * FROM sensor;
SELECT * FROM registroSensor;

-- apagar registros

TRUNCATE registroSensor;
