    /*DRYFLOW - INSERÇÃO DE DADOS*/

    USE dryflow;

    -- Inserir Endereços para Empresas 
    insert into endereco (rua, numero, cidade, bairro, estado, cep) values
    ('Av. Central', 100, 'São Paulo', 'Almirantes','São Paulo', '01851672'), 
    ('Av. Paulista', 200, 'São Paulo', 'Bellos','São Paulo','04502012'),
    ('Rua das Flores', 300, 'Rio de Janeiro','Condados','Rio de Janeiro','24567891'),
    ('Rua das Pedras', 400, 'Belo Horizonte', 'Damascos','Minas Gerais','38961347'),
    -- Endereço de oficinas
    ('Av. Tropical', 101, 'São Paulo','Esmeralda','São Paulo', '78965847'),
    ('Rua do Sol', 202, 'São Paulo','Figos','São Paulo', '96325874'),
    ('Rua das Flores', 303, 'Rio de Janeiro','Goiabeiras','Rio de Janeiro', '78364512'),
    -- Empresa 'Deluxe Cars' tem a oficina e a sede no mesmo endereço
    ('Rua das Pedras', 400, 'Belo Horizonte','Damascos','Minas Gerais', '38961347'),
    -- Empresa 'Amor Por Carros' tem uma oficina a mais
    ('Rua dos Diamantes', 505, 'Belo Horizonte','Iracema','Minas Gerais', '12687594');

    -- Inserir Empresas
    insert into empresa (cnpj, nomeFantasia, email, fkEndEmpresa) values
    ('12345678000195', 'Amor Por Carros', 'contato@amorporcarros.com', 1),
    ('98765432000198', 'Belos Automóveis', 'contato@belosautomoveis.com', 2),
    ('11122233000181', 'Charmoso Chassis', 'contato@charmosochassis.com',3),
    ('22233344000102', 'Deluxe Cars', 'contato@deluxecars.com',4);

    -- Inserir Oficinas (Empresa 'Amor Por Carros' tem uma oficina a mais)
    insert into oficina (nomeOficina, fkEmpresa, codigo_ativacao, fkEndOficina) values
    ('Oficina Amor Por Carros', 1, 'AAAAA',5), 
    ('Oficina Belos Automóveis', 2, 'BBBBB',6), 
    ('Oficina Charmoso Chassis', 3, 'CCCCC',7),
    ('Oficina Deluxe Cars', 4, 'DDDDD',8),
    ('Oficina Amor Por Veículos', 1, 'EEEEE',9);

    -- Inserir Funcionários
    insert into funcionario (nome, email, senha, cargo, fkOficina) values
    ('Fernando Brandao', 'brandao@amorporcarros.com', '123456', 'supervisor', 1),
    ('Hector Silva', 'hector@amorporcarros.com', '123456', 'gerente', 1),
    ('João Silva', 'joao@amorporcarros.com', '123456', 'tecnico', 1),
    ('James Sid', 'james@amorporcarros.com', '123456', 'analista', 1),
    ('Júlio Gaita', 'julio@amorporcarros.com', '123456', 'assistente', 1),
    ('Maria Oliveira', 'maria@belosautomoveis.com', '123456', 'supervisor', 2),
    ('Joana Clara', 'joana@belosautomoveis.com', '123456', 'gerente', 2),
    ('Amanda Lagoa', 'amanda@belosautomoveis.com', '123456', 'analista', 2),
    ('Carlos Souza', 'carlos@charmosochassis.com', '123456', 'supervisor', 3),
    ('Daniel Massa', 'daniel@charmosochassis.com', '123456', 'assistente', 3),
    ('Ana Costa', 'ana@deluxecars.com', '123456', 'supervisor', 4),
    ('Bela Rodrigues', 'bela@deluxecars.com', '123456', 'gerente', 4),
    ('Cláudio Ohara', 'claudio@deluxecars.com', '123456', 'tecnico', 4),
    ('Roberta Marinho', 'roberta@amorporcarros.com', '123456', 'supervisor', 5),
    ('Hector Marques', 'hectormarques@amorporcarros.com', '123456', 'tecnico', 5);



    -- Inserir Telefones
    insert into telefone (numero, fkTelEmpresa, fkTelOficina) values
    ('1123456789', 1, NULL), 
    ('1122334455', 2, NULL),
    ('2133445566', 3, NULL),
    ('3198877665', 4, NULL),
    ('1198887777', NULL, 1),
    ('2133222333', NULL, 2),
    ('3199988777', NULL, 3),
    ('2199999888', NULL, 4),
    ('2145679888', NULL, 5);

    -- Inserir Compressores
    insert into compressor (modelo, capacidadeUmiMax, status, fkOficina) values
    ('Schulz A', 60, 'ativo', 1),
    ('Schulz B', 75, 'ativo', 1),
    ('Schulz C', 50, 'ativo', 1),
    ('Motomil D', 80, 'ativo', 1),
    ('Motomil E', 87, 'ativo', 1),
    ('Motomil F', 60, 'ativo', 1),
    ('Motomil G', 75, 'ativo', 1),
    ('Chiaperini H', 58, 'ativo', 1),
    ('Chiaperini I', 62, 'ativo', 1),
    ('Chiaperini J', 78, 'ativo', 1),
    ('Schulz L', 60, 'ativo', 2),
    ('Schulz M', 75, 'ativo', 2),
    ('Chiaperini N', 50, 'ativo', 2),
    ('Chiaperini O', 58, 'ativo', 3),
    ('Chiaperini P', 62, 'ativo', 3),
    ('Motomil Q', 80, 'ativo', 4),
    ('Schulz R', 60, 'ativo', 5),
    ('Schulz S', 75, 'ativo', 5),
    ('Schulz T', 50, 'ativo', 5),
    ('Motomil U', 80, 'inativo', 5),
    ('Motomil V', 87, 'ativo', 5)
    ;

    -- Inserir Sensores
    insert into sensor (fkCompressor) values
    (1),
    (2),
    (3),
    (4),
    (5),
    (6),
    (7),
    (8),
    (9),
    (10),
    (11),
    (12),
    (13),
    (14),
    (15),
    (16),
    (17),
    (18),
    (19),
    (20),
    (21);

    -- Inserir Registros de Sensor
    insert into registroSensor (umidadeRegistrada, dtHrRegistrada, fkSensor) values
    (20, '2025-06-10 09:00:00', 1),
    (20, '2025-06-10 10:00:00', 1),
    (25, '2025-06-10 11:00:00', 1),
    (30, '2025-06-10 12:00:00', 1),
    (40, '2025-06-10 13:00:00', 1),
    (20, '2025-06-10 14:00:00', 1),
    (25, '2025-06-10 15:00:00', 1),
    (30, '2025-06-10 16:00:00', 1),
    (40, '2025-06-10 17:00:00', 1),
    (20, '2025-06-10 18:00:00', 1),
    (20, '2025-06-10 19:00:00', 1),
    (20, '2025-06-10 20:00:00', 1),
    (20, '2025-06-10 21:00:00', 1),
    (20, '2025-06-10 22:00:00', 1),
    (20, '2025-06-10 23:00:00', 1),
    (20, '2025-06-11 00:00:00', 1),
    (20, '2025-06-11 01:00:00', 1),
    (20, '2025-06-11 02:00:00', 1),
    (20, '2025-06-11 03:00:00', 1),
    (20, '2025-06-11 04:00:00', 1),
    (20, '2025-06-11 05:00:00', 1),
    (20, '2025-06-11 06:00:00', 1),
    (20, '2025-06-11 07:00:00', 1),
    (20, '2025-06-11 08:00:00', 1),
    (60, '2025-06-11 09:00:00', 1),
    (20, '2025-06-10 09:00:00', 2),
    (20, '2025-06-10 10:00:00', 2),
    (25, '2025-06-10 11:00:00', 2),
    (30, '2025-06-10 12:00:00', 2),
    (40, '2025-06-10 13:00:00', 2),
    (20, '2025-06-10 14:00:00', 2),
    (25, '2025-06-10 15:00:00', 2),
    (30, '2025-06-10 16:00:00', 2),
    (40, '2025-06-10 17:00:00', 2),
    (20, '2025-06-10 18:00:00', 2),
    (25, '2025-06-10 19:00:00', 2),
    (30, '2025-06-10 20:00:00', 2),
    (40, '2025-06-10 21:00:00', 2),
    (45, '2025-06-10 22:00:00', 2),
    (65, '2025-06-10 23:00:00', 2),
    (80, '2025-06-11 00:00:00', 2),
    (80, '2025-06-11 01:00:00', 2),
    (80, '2025-06-11 02:00:00', 2),
    (90, '2025-06-11 03:00:00', 2),
    (90, '2025-06-11 04:00:00', 2),
    (90, '2025-06-11 05:00:00', 2),
    (90, '2025-06-11 06:00:00', 2),
    (90, '2025-06-11 07:00:00', 2),
    (90, '2025-06-11 08:00:00', 2),
    (90, '2025-06-11 09:00:00', 2),
    (46, '2025-06-10 09:00:00', 3),
    (90, '2025-06-10 10:00:00', 3),
    (71, '2025-06-10 11:00:00', 3),
    (56, '2025-06-10 12:00:00', 3),
    (7, '2025-06-10 13:00:00', 3),
    (48, '2025-06-10 14:00:00', 3),
    (83, '2025-06-10 15:00:00', 3),
    (38, '2025-06-10 16:00:00', 3),
    (4, '2025-06-10 17:00:00', 3),
    (35, '2025-06-10 18:00:00', 3),
    (79, '2025-06-10 19:00:00', 3),
    (5, '2025-06-10 20:00:00', 3),
    (90, '2025-06-10 21:00:00', 3),
    (47, '2025-06-10 22:00:00', 3),
    (48, '2025-06-10 23:00:00', 3),
    (65, '2025-06-11 00:00:00', 3),
    (46, '2025-06-11 01:00:00', 3),
    (94, '2025-06-11 02:00:00', 3),
    (25, '2025-06-11 03:00:00', 3),
    (26, '2025-06-11 04:00:00', 3),
    (44, '2025-06-11 05:00:00', 3),
    (97, '2025-06-11 06:00:00', 3),
    (5, '2025-06-11 07:00:00', 3),
    (39, '2025-06-11 08:00:00', 3),
    (78, '2025-06-11 09:00:00', 3),
    (38, '2025-06-10 09:00:00', 4),
    (31, '2025-06-10 10:00:00', 4),
    (99, '2025-06-10 11:00:00', 4),
    (7, '2025-06-10 12:00:00', 4),
    (42, '2025-06-10 13:00:00', 4),
    (9, '2025-06-10 14:00:00', 4),
    (1, '2025-06-10 15:00:00', 4),
    (14, '2025-06-10 16:00:00', 4),
    (87, '2025-06-10 17:00:00', 4),
    (43, '2025-06-10 18:00:00', 4),
    (18, '2025-06-10 19:00:00', 4),
    (13, '2025-06-10 20:00:00', 4),
    (90, '2025-06-10 21:00:00', 4),
    (50, '2025-06-10 22:00:00', 4),
    (70, '2025-06-10 23:00:00', 4),
    (81, '2025-06-11 00:00:00', 4),
    (50, '2025-06-11 01:00:00', 4),
    (2, '2025-06-11 02:00:00', 4),
    (18, '2025-06-11 03:00:00', 4),
    (26, '2025-06-11 04:00:00', 4),
    (56, '2025-06-11 05:00:00', 4),
    (31, '2025-06-11 06:00:00', 4),
    (74, '2025-06-11 07:00:00', 4),
    (16, '2025-06-11 08:00:00', 4),
    (21, '2025-06-11 09:00:00', 4),
    (39, '2025-06-10 09:00:00', 5),
    (19, '2025-06-10 10:00:00', 5),
    (92, '2025-06-10 11:00:00', 5),
    (57, '2025-06-10 12:00:00', 5),
    (69, '2025-06-10 13:00:00', 5),
    (13, '2025-06-10 14:00:00', 5),
    (5, '2025-06-10 15:00:00', 5),
    (49, '2025-06-10 16:00:00', 5),
    (68, '2025-06-10 17:00:00', 5),
    (42, '2025-06-10 18:00:00', 5),
    (55, '2025-06-10 19:00:00', 5),
    (96, '2025-06-10 20:00:00', 5),
    (48, '2025-06-10 21:00:00', 5),
    (69, '2025-06-10 22:00:00', 5),
    (73, '2025-06-10 23:00:00', 5),
    (1, '2025-06-11 00:00:00', 5),
    (49, '2025-06-11 01:00:00', 5),
    (50, '2025-06-11 02:00:00', 5),
    (27, '2025-06-11 03:00:00', 5),
    (13, '2025-06-11 04:00:00', 5),
    (84, '2025-06-11 05:00:00', 5),
    (83, '2025-06-11 06:00:00', 5),
    (60, '2025-06-11 07:00:00', 5),
    (84, '2025-06-11 08:00:00', 5),
    (37, '2025-06-11 09:00:00', 5),
    (5, '2025-06-10 09:00:00', 6),
    (35, '2025-06-10 10:00:00', 6),
    (36, '2025-06-10 11:00:00', 6),
    (80, '2025-06-10 12:00:00', 6),
    (28, '2025-06-10 13:00:00', 6),
    (53, '2025-06-10 14:00:00', 6),
    (1, '2025-06-10 15:00:00', 6),
    (12, '2025-06-10 16:00:00', 6),
    (12, '2025-06-10 17:00:00', 6),
    (9, '2025-06-10 18:00:00', 6),
    (22, '2025-06-10 19:00:00', 6),
    (80, '2025-06-10 20:00:00', 6),
    (33, '2025-06-10 21:00:00', 6),
    (54, '2025-06-10 22:00:00', 6),
    (8, '2025-06-10 23:00:00', 6),
    (55, '2025-06-11 00:00:00', 6),
    (48, '2025-06-11 01:00:00', 6),
    (65, '2025-06-11 02:00:00', 6),
    (7, '2025-06-11 03:00:00', 6),
    (19, '2025-06-11 04:00:00', 6),
    (58, '2025-06-11 05:00:00', 6),
    (51, '2025-06-11 06:00:00', 6),
    (66, '2025-06-11 07:00:00', 6),
    (40, '2025-06-11 08:00:00', 6),
    (40, '2025-06-11 09:00:00', 6),
    (9, '2025-06-10 09:00:00', 7),
    (27, '2025-06-10 10:00:00', 7),
    (25, '2025-06-10 11:00:00', 7),
    (52, '2025-06-10 12:00:00', 7),
    (50, '2025-06-10 13:00:00', 7),
    (14, '2025-06-10 14:00:00', 7),
    (44, '2025-06-10 15:00:00', 7),
    (86, '2025-06-10 16:00:00', 7),
    (15, '2025-06-10 17:00:00', 7),
    (38, '2025-06-10 18:00:00', 7),
    (2, '2025-06-10 19:00:00', 7),
    (92, '2025-06-10 20:00:00', 7),
    (45, '2025-06-10 21:00:00', 7),
    (23, '2025-06-10 22:00:00', 7),
    (59, '2025-06-10 23:00:00', 7),
    (39, '2025-06-11 00:00:00', 7),
    (16, '2025-06-11 01:00:00', 7),
    (5, '2025-06-11 02:00:00', 7),
    (10, '2025-06-11 03:00:00', 7),
    (9, '2025-06-11 04:00:00', 7),
    (11, '2025-06-11 05:00:00', 7),
    (83, '2025-06-11 06:00:00', 7),
    (46, '2025-06-11 07:00:00', 7),
    (21, '2025-06-11 08:00:00', 7),
    (26, '2025-06-11 09:00:00', 7),
    (63, '2025-06-10 09:00:00', 8),
    (77, '2025-06-10 10:00:00', 8),
    (1, '2025-06-10 11:00:00', 8),
    (78, '2025-06-10 12:00:00', 8),
    (31, '2025-06-10 13:00:00', 8),
    (86, '2025-06-10 14:00:00', 8),
    (39, '2025-06-10 15:00:00', 8),
    (54, '2025-06-10 16:00:00', 8),
    (62, '2025-06-10 17:00:00', 8),
    (61, '2025-06-10 18:00:00', 8),
    (93, '2025-06-10 19:00:00', 8),
    (28, '2025-06-10 20:00:00', 8),
    (99, '2025-06-10 21:00:00', 8),
    (89, '2025-06-10 22:00:00', 8),
    (46, '2025-06-10 23:00:00', 8),
    (57, '2025-06-11 00:00:00', 8),
    (90, '2025-06-11 01:00:00', 8),
    (84, '2025-06-11 02:00:00', 8),
    (1, '2025-06-11 03:00:00', 8),
    (19, '2025-06-11 04:00:00', 8),
    (83, '2025-06-11 05:00:00', 8),
    (12, '2025-06-11 06:00:00', 8),
    (76, '2025-06-11 07:00:00', 8),
    (43, '2025-06-11 08:00:00', 8),
    (68, '2025-06-11 09:00:00', 8),
    (28, '2025-06-10 09:00:00', 9),
    (65, '2025-06-10 10:00:00', 9),
    (64, '2025-06-10 11:00:00', 9),
    (3, '2025-06-10 12:00:00', 9),
    (17, '2025-06-10 13:00:00', 9),
    (35, '2025-06-10 14:00:00', 9),
    (17, '2025-06-10 15:00:00', 9),
    (91, '2025-06-10 16:00:00', 9),
    (28, '2025-06-10 17:00:00', 9),
    (92, '2025-06-10 18:00:00', 9),
    (68, '2025-06-10 19:00:00', 9),
    (25, '2025-06-10 20:00:00', 9),
    (65, '2025-06-10 21:00:00', 9),
    (64, '2025-06-10 22:00:00', 9),
    (13, '2025-06-10 23:00:00', 9),
    (43, '2025-06-11 00:00:00', 9),
    (47, '2025-06-11 01:00:00', 9),
    (12, '2025-06-11 02:00:00', 9),
    (75, '2025-06-11 03:00:00', 9),
    (96, '2025-06-11 04:00:00', 9),
    (38, '2025-06-11 05:00:00', 9),
    (25, '2025-06-11 06:00:00', 9),
    (6, '2025-06-11 07:00:00', 9),
    (15, '2025-06-11 08:00:00', 9),
    (35, '2025-06-11 09:00:00', 9),
    (43, '2025-06-10 09:00:00', 10),
    (61, '2025-06-10 10:00:00', 10),
    (100, '2025-06-10 11:00:00', 10),
    (71, '2025-06-10 12:00:00', 10),
    (20, '2025-06-10 13:00:00', 10),
    (36, '2025-06-10 14:00:00', 10),
    (27, '2025-06-10 15:00:00', 10),
    (25, '2025-06-10 16:00:00', 10),
    (95, '2025-06-10 17:00:00', 10),
    (20, '2025-06-10 18:00:00', 10),
    (11, '2025-06-10 19:00:00', 10),
    (52, '2025-06-10 20:00:00', 10),
    (71, '2025-06-10 21:00:00', 10),
    (6, '2025-06-10 22:00:00', 10),
    (95, '2025-06-10 23:00:00', 10),
    (81, '2025-06-11 00:00:00', 10),
    (20, '2025-06-11 01:00:00', 10),
    (0, '2025-06-11 02:00:00', 10),
    (67, '2025-06-11 03:00:00', 10),
    (21, '2025-06-11 04:00:00', 10),
    (66, '2025-06-11 05:00:00', 10),
    (27, '2025-06-11 06:00:00', 10),
    (40, '2025-06-11 07:00:00', 10),
    (66, '2025-06-11 08:00:00', 10),
    (13, '2025-06-11 09:00:00', 10),
    (28, '2025-06-10 09:00:00', 11),
    (74, '2025-06-10 10:00:00', 11),
    (49, '2025-06-10 11:00:00', 11),
    (30, '2025-06-10 12:00:00', 11),
    (82, '2025-06-10 13:00:00', 11),
    (15, '2025-06-10 14:00:00', 11),
    (38, '2025-06-10 15:00:00', 11),
    (72, '2025-06-10 16:00:00', 11),
    (0, '2025-06-10 17:00:00', 11),
    (37, '2025-06-10 18:00:00', 11),
    (11, '2025-06-10 19:00:00', 11),
    (46, '2025-06-10 20:00:00', 11),
    (3, '2025-06-10 21:00:00', 11),
    (81, '2025-06-10 22:00:00', 11),
    (7, '2025-06-10 23:00:00', 11),
    (61, '2025-06-11 00:00:00', 11),
    (55, '2025-06-11 01:00:00', 11),
    (65, '2025-06-11 02:00:00', 11),
    (52, '2025-06-11 03:00:00', 11),
    (5, '2025-06-11 04:00:00', 11),
    (68, '2025-06-11 05:00:00', 11),
    (99, '2025-06-11 06:00:00', 11),
    (71, '2025-06-11 07:00:00', 11),
    (64, '2025-06-11 08:00:00', 11),
    (26, '2025-06-11 09:00:00', 11),
    (70, '2025-06-10 09:00:00', 12),
    (34, '2025-06-10 10:00:00', 12),
    (57, '2025-06-10 11:00:00', 12),
    (45, '2025-06-10 12:00:00', 12),
    (84, '2025-06-10 13:00:00', 12),
    (86, '2025-06-10 14:00:00', 12),
    (47, '2025-06-10 15:00:00', 12),
    (56, '2025-06-10 16:00:00', 12),
    (3, '2025-06-10 17:00:00', 12),
    (19, '2025-06-10 18:00:00', 12),
    (31, '2025-06-10 19:00:00', 12),
    (90, '2025-06-10 20:00:00', 12),
    (43, '2025-06-10 21:00:00', 12),
    (37, '2025-06-10 22:00:00', 12),
    (44, '2025-06-10 23:00:00', 12),
    (2, '2025-06-11 00:00:00', 12),
    (58, '2025-06-11 01:00:00', 12),
    (43, '2025-06-11 02:00:00', 12),
    (95, '2025-06-11 03:00:00', 12),
    (64, '2025-06-11 04:00:00', 12),
    (65, '2025-06-11 05:00:00', 12),
    (90, '2025-06-11 06:00:00', 12),
    (83, '2025-06-11 07:00:00', 12),
    (67, '2025-06-11 08:00:00', 12),
    (14, '2025-06-11 09:00:00', 12),
    (68, '2025-06-10 09:00:00', 13),
    (62, '2025-06-10 10:00:00', 13),
    (72, '2025-06-10 11:00:00', 13),
    (76, '2025-06-10 12:00:00', 13),
    (78, '2025-06-10 13:00:00', 13),
    (69, '2025-06-10 14:00:00', 13),
    (21, '2025-06-10 15:00:00', 13),
    (62, '2025-06-10 16:00:00', 13),
    (26, '2025-06-10 17:00:00', 13),
    (56, '2025-06-10 18:00:00', 13),
    (72, '2025-06-10 19:00:00', 13),
    (99, '2025-06-10 20:00:00', 13),
    (88, '2025-06-10 21:00:00', 13),
    (100, '2025-06-10 22:00:00', 13),
    (97, '2025-06-10 23:00:00', 13),
    (37, '2025-06-11 00:00:00', 13),
    (95, '2025-06-11 01:00:00', 13),
    (44, '2025-06-11 02:00:00', 13),
    (15, '2025-06-11 03:00:00', 13),
    (39, '2025-06-11 04:00:00', 13),
    (85, '2025-06-11 05:00:00', 13),
    (66, '2025-06-11 06:00:00', 13),
    (77, '2025-06-11 07:00:00', 13),
    (35, '2025-06-11 08:00:00', 13),
    (46, '2025-06-11 09:00:00', 13),
    (77, '2025-06-10 09:00:00', 14),
    (35, '2025-06-10 10:00:00', 14),
    (32, '2025-06-10 11:00:00', 14),
    (49, '2025-06-10 12:00:00', 14),
    (47, '2025-06-10 13:00:00', 14),
    (75, '2025-06-10 14:00:00', 14),
    (81, '2025-06-10 15:00:00', 14),
    (18, '2025-06-10 16:00:00', 14),
    (83, '2025-06-10 17:00:00', 14),
    (16, '2025-06-10 18:00:00', 14),
    (56, '2025-06-10 19:00:00', 14),
    (69, '2025-06-10 20:00:00', 14),
    (95, '2025-06-10 21:00:00', 14),
    (48, '2025-06-10 22:00:00', 14),
    (47, '2025-06-10 23:00:00', 14),
    (78, '2025-06-11 00:00:00', 14),
    (56, '2025-06-11 01:00:00', 14),
    (71, '2025-06-11 02:00:00', 14),
    (19, '2025-06-11 03:00:00', 14),
    (93, '2025-06-11 04:00:00', 14),
    (41, '2025-06-11 05:00:00', 14),
    (46, '2025-06-11 06:00:00', 14),
    (89, '2025-06-11 07:00:00', 14),
    (14, '2025-06-11 08:00:00', 14),
    (59, '2025-06-11 09:00:00', 14),
    (32, '2025-06-10 09:00:00', 15),
    (100, '2025-06-10 10:00:00', 15),
    (16, '2025-06-10 11:00:00', 15),
    (32, '2025-06-10 12:00:00', 15),
    (71, '2025-06-10 13:00:00', 15),
    (14, '2025-06-10 14:00:00', 15),
    (20, '2025-06-10 15:00:00', 15),
    (40, '2025-06-10 16:00:00', 15),
    (58, '2025-06-10 17:00:00', 15),
    (56, '2025-06-10 18:00:00', 15),
    (46, '2025-06-10 19:00:00', 15),
    (100, '2025-06-10 20:00:00', 15),
    (70, '2025-06-10 21:00:00', 15),
    (4, '2025-06-10 22:00:00', 15),
    (3, '2025-06-10 23:00:00', 15),
    (0, '2025-06-11 00:00:00', 15),
    (35, '2025-06-11 01:00:00', 15),
    (63, '2025-06-11 02:00:00', 15),
    (14, '2025-06-11 03:00:00', 15),
    (94, '2025-06-11 04:00:00', 15),
    (42, '2025-06-11 05:00:00', 15),
    (0, '2025-06-11 06:00:00', 15),
    (69, '2025-06-11 07:00:00', 15),
    (76, '2025-06-11 08:00:00', 15),
    (72, '2025-06-11 09:00:00', 15),
    (23, '2025-06-10 09:00:00', 16),
    (98, '2025-06-10 10:00:00', 16),
    (12, '2025-06-10 11:00:00', 16),
    (62, '2025-06-10 12:00:00', 16),
    (0, '2025-06-10 13:00:00', 16),
    (3, '2025-06-10 14:00:00', 16),
    (83, '2025-06-10 15:00:00', 16),
    (9, '2025-06-10 16:00:00', 16),
    (53, '2025-06-10 17:00:00', 16),
    (4, '2025-06-10 18:00:00', 16),
    (88, '2025-06-10 19:00:00', 16),
    (66, '2025-06-10 20:00:00', 16),
    (36, '2025-06-10 21:00:00', 16),
    (54, '2025-06-10 22:00:00', 16),
    (35, '2025-06-10 23:00:00', 16),
    (85, '2025-06-11 00:00:00', 16),
    (6, '2025-06-11 01:00:00', 16),
    (60, '2025-06-11 02:00:00', 16),
    (66, '2025-06-11 03:00:00', 16),
    (25, '2025-06-11 04:00:00', 16),
    (93, '2025-06-11 05:00:00', 16),
    (79, '2025-06-11 06:00:00', 16),
    (7, '2025-06-11 07:00:00', 16),
    (28, '2025-06-11 08:00:00', 16),
    (35, '2025-06-11 09:00:00', 16),
    (83, '2025-06-10 09:00:00', 17),
    (56, '2025-06-10 10:00:00', 17),
    (48, '2025-06-10 11:00:00', 17),
    (81, '2025-06-10 12:00:00', 17),
    (63, '2025-06-10 13:00:00', 17),
    (85, '2025-06-10 14:00:00', 17),
    (62, '2025-06-10 15:00:00', 17),
    (35, '2025-06-10 16:00:00', 17),
    (55, '2025-06-10 17:00:00', 17),
    (30, '2025-06-10 18:00:00', 17),
    (23, '2025-06-10 19:00:00', 17),
    (52, '2025-06-10 20:00:00', 17),
    (87, '2025-06-10 21:00:00', 17),
    (54, '2025-06-10 22:00:00', 17),
    (51, '2025-06-10 23:00:00', 17),
    (27, '2025-06-11 00:00:00', 17),
    (96, '2025-06-11 01:00:00', 17),
    (40, '2025-06-11 02:00:00', 17),
    (32, '2025-06-11 03:00:00', 17),
    (82, '2025-06-11 04:00:00', 17),
    (56, '2025-06-11 05:00:00', 17),
    (32, '2025-06-11 06:00:00', 17),
    (59, '2025-06-11 07:00:00', 17),
    (93, '2025-06-11 08:00:00', 17),
    (27, '2025-06-11 09:00:00', 17),
    (24, '2025-06-10 09:00:00', 18),
    (91, '2025-06-10 10:00:00', 18),
    (5, '2025-06-10 11:00:00', 18),
    (22, '2025-06-10 12:00:00', 18),
    (52, '2025-06-10 13:00:00', 18),
    (76, '2025-06-10 14:00:00', 18),
    (60, '2025-06-10 15:00:00', 18),
    (4, '2025-06-10 16:00:00', 18),
    (19, '2025-06-10 17:00:00', 18),
    (43, '2025-06-10 18:00:00', 18),
    (37, '2025-06-10 19:00:00', 18),
    (14, '2025-06-10 20:00:00', 18),
    (48, '2025-06-10 21:00:00', 18),
    (22, '2025-06-10 22:00:00', 18),
    (41, '2025-06-10 23:00:00', 18),
    (80, '2025-06-11 00:00:00', 18),
    (10, '2025-06-11 01:00:00', 18),
    (13, '2025-06-11 02:00:00', 18),
    (30, '2025-06-11 03:00:00', 18),
    (4, '2025-06-11 04:00:00', 18),
    (30, '2025-06-11 05:00:00', 18),
    (18, '2025-06-11 06:00:00', 18),
    (56, '2025-06-11 07:00:00', 18),
    (41, '2025-06-11 08:00:00', 18),
    (57, '2025-06-11 09:00:00', 18),
    (80, '2025-06-10 09:00:00', 19),
    (4, '2025-06-10 10:00:00', 19),
    (61, '2025-06-10 11:00:00', 19),
    (82, '2025-06-10 12:00:00', 19),
    (70, '2025-06-10 13:00:00', 19),
    (23, '2025-06-10 14:00:00', 19),
    (43, '2025-06-10 15:00:00', 19),
    (2, '2025-06-10 16:00:00', 19),
    (44, '2025-06-10 17:00:00', 19),
    (59, '2025-06-10 18:00:00', 19),
    (94, '2025-06-10 19:00:00', 19),
    (60, '2025-06-10 20:00:00', 19),
    (39, '2025-06-10 21:00:00', 19),
    (45, '2025-06-10 22:00:00', 19),
    (31, '2025-06-10 23:00:00', 19),
    (69, '2025-06-11 00:00:00', 19),
    (51, '2025-06-11 01:00:00', 19),
    (17, '2025-06-11 02:00:00', 19),
    (93, '2025-06-11 03:00:00', 19),
    (9, '2025-06-11 04:00:00', 19),
    (17, '2025-06-11 05:00:00', 19),
    (97, '2025-06-11 06:00:00', 19),
    (87, '2025-06-11 07:00:00', 19),
    (4, '2025-06-11 08:00:00', 19),
    (11, '2025-06-11 09:00:00', 19),
    (73, '2025-06-10 09:00:00', 20),
    (66, '2025-06-10 10:00:00', 20),
    (61, '2025-06-10 11:00:00', 20),
    (93, '2025-06-10 12:00:00', 20),
    (65, '2025-06-10 13:00:00', 20),
    (44, '2025-06-10 14:00:00', 20),
    (62, '2025-06-10 15:00:00', 20),
    (41, '2025-06-10 16:00:00', 20),
    (51, '2025-06-10 17:00:00', 20),
    (16, '2025-06-10 18:00:00', 20),
    (29, '2025-06-10 19:00:00', 20),
    (4, '2025-06-10 20:00:00', 20),
    (90, '2025-06-10 21:00:00', 20),
    (73, '2025-06-10 22:00:00', 20),
    (97, '2025-06-10 23:00:00', 20),
    (13, '2025-06-11 00:00:00', 20),
    (49, '2025-06-11 01:00:00', 20),
    (73, '2025-06-11 02:00:00', 20),
    (17, '2025-06-11 03:00:00', 20),
    (59, '2025-06-11 04:00:00', 20),
    (65, '2025-06-11 05:00:00', 20),
    (36, '2025-06-11 06:00:00', 20),
    (44, '2025-06-11 07:00:00', 20),
    (86, '2025-06-11 08:00:00', 20),
    (2, '2025-06-11 09:00:00', 20),
    (57, '2025-06-10 09:00:00', 21),
    (45, '2025-06-10 10:00:00', 21),
    (36, '2025-06-10 11:00:00', 21),
    (82, '2025-06-10 12:00:00', 21),
    (98, '2025-06-10 13:00:00', 21),
    (11, '2025-06-10 14:00:00', 21),
    (6, '2025-06-10 15:00:00', 21),
    (17, '2025-06-10 16:00:00', 21),
    (11, '2025-06-10 17:00:00', 21),
    (19, '2025-06-10 18:00:00', 21),
    (30, '2025-06-10 19:00:00', 21),
    (71, '2025-06-10 20:00:00', 21),
    (64, '2025-06-10 21:00:00', 21),
    (13, '2025-06-10 22:00:00', 21),
    (94, '2025-06-10 23:00:00', 21),
    (2, '2025-06-11 00:00:00', 21),
    (86, '2025-06-11 01:00:00', 21),
    (32, '2025-06-11 02:00:00', 21),
    (91, '2025-06-11 03:00:00', 21),
    (72, '2025-06-11 04:00:00', 21),
    (100, '2025-06-11 05:00:00', 21),
    (79, '2025-06-11 06:00:00', 21),
    (99, '2025-06-11 07:00:00', 21),
    (34, '2025-06-11 08:00:00', 21),
    (99, '2025-06-11 09:00:00', 21);




    -- Teste das tabelas
    SELECT * FROM oficina;
    SELECT * FROM empresa;
    SELECT * FROM endereco;
    SELECT * FROM funcionario;
    SELECT * FROM telefone;
    SELECT * FROM compressor;
    SELECT * FROM sensor;
    SELECT * FROM registroSensor;


